round,slice,frame,object_ref,cell,what,why,severity,owner,rule_id,evidence,action,rules_version,note
calib,C0,adasind_019560.jpg,L2,na,SPURIOUS,E5_unresolved,P2,qa,R01,C0 compare reports learner-only box L2 in center; inspect original frame and reference,escalate,rules_version_1.0,Do not classify as annotator error without an image-level decision.
calib,C0,adasind_019560.jpg,L5+R3,na,WRONG_CLASS,E5_unresolved,P2,guideline,R04,C0 compare reports a class disagreement between L5 and R3 in edge; inspect class mapping and original frame,escalate,rules_version_1.0,Keep as unresolved class case until adjudicated.
calib,C0,adasind_019560.jpg,R5,na,MISSING,E5_unresolved,P2,qa,R01,C0 compare reports reference-only box R5 in center; inspect whether it meets H=40 and is in scope,escalate,rules_version_1.0,Do not infer a missing-label error from the index alone.
calib,C0,adasind_019560.jpg,R6,na,MISSING,E5_unresolved,P2,qa,R01,C0 compare reports reference-only box R6 in mid; inspect whether it meets H=40 and is in scope,escalate,rules_version_1.0,Do not infer a missing-label error from the index alone.
r3_diag,B4-edge,adasind_236370.jpg,M2,M_only,SPURIOUS,E4_model_domain,P2,ai_team,R02,model-only detection in center/mid comparison,keep_with_reason,rules_version_1.0,Model disagreement; do not change learner box from this cell alone.
r3_diag,B4-edge,adasind_258420.jpg,L2+R1,LR_noM,MISSING,E4_model_domain,P2,ai_team,R01,learner and reference agree but model has no match in edge zone,keep_with_reason,rules_version_1.0,Model miss; inspect image before any model action.
r3_diag,B4-edge,adasind_258420.jpg,L3+R4,LR_noM,MISSING,E4_model_domain,P2,ai_team,R01,learner and reference agree but model has no match in center zone,keep_with_reason,rules_version_1.0,Model miss; inspect image before any model action.
r3_diag,B4-edge,adasind_258420.jpg,L6+R8,LR_noM,MISSING,E4_model_domain,P2,ai_team,R01,learner and reference agree but model has no match in center zone,keep_with_reason,rules_version_1.0,Model miss; inspect image before any model action.
r3_diag,B4-edge,adasind_258420.jpg,L1+R3,LR_noM,MISSING,E4_model_domain,P2,ai_team,R01,learner and reference agree but model has no match in mid zone,keep_with_reason,rules_version_1.0,Model miss; inspect image before any model action.
r3_diag,B4-edge,adasind_258420.jpg,L5+R5,LR_noM,MISSING,E4_model_domain,P2,ai_team,R01,learner and reference agree but model has no match in mid zone,keep_with_reason,rules_version_1.0,Model miss; inspect image before any model action.
r3_diag,B4-edge,adasind_258420.jpg,M3,M_only,SPURIOUS,E4_model_domain,P2,ai_team,R02,model-only detection in mid zone,keep_with_reason,rules_version_1.0,Model false positive candidate; no learner rework from this cell alone.
r3_diag,B4-edge,adasind_258420.jpg,M4,M_only,SPURIOUS,E4_model_domain,P2,ai_team,R02,model-only detection in edge zone,keep_with_reason,rules_version_1.0,Model false positive candidate; no learner rework from this cell alone.
r3_diag,B4-edge,adasind_258420.jpg,M5,M_only,SPURIOUS,E4_model_domain,P2,ai_team,R02,model-only detection in mid zone,keep_with_reason,rules_version_1.0,Model false positive candidate; no learner rework from this cell alone.
r3_diag,B4-edge,adasind_258420.jpg,M6,M_only,SPURIOUS,E4_model_domain,P2,ai_team,R02,model-only detection in mid zone,keep_with_reason,rules_version_1.0,Model false positive candidate; no learner rework from this cell alone.
r3_diag,B4-edge,adasind_258420.jpg,M7,M_only,SPURIOUS,E4_model_domain,P2,ai_team,R02,model-only detection in mid zone,keep_with_reason,rules_version_1.0,Model false positive candidate; no learner rework from this cell alone.
r3_diag,B4-edge,adasind_258420.jpg,M8,M_only,SPURIOUS,E4_model_domain,P2,ai_team,R02,model-only detection in center zone,keep_with_reason,rules_version_1.0,Model false positive candidate; no learner rework from this cell alone.
r3_diag,B4-edge,adasind_258420.jpg,M10,M_only,SPURIOUS,E4_model_domain,P2,ai_team,R02,model-only detection in mid zone,keep_with_reason,rules_version_1.0,Model false positive candidate; no learner rework from this cell alone.
r3_diag,B4-edge,adasind_258420.jpg,M11,M_only,SPURIOUS,E4_model_domain,P2,ai_team,R02,model-only detection in center zone,keep_with_reason,rules_version_1.0,Model false positive candidate; no learner rework from this cell alone.
r3_diag,B4-edge,adasind_310008.jpg,L5+R1,LR_noM,MISSING,E4_model_domain,P2,ai_team,R01,learner and reference agree but model has no match in mid zone,keep_with_reason,rules_version_1.0,Model miss; inspect image before any model action.
r3_diag,B4-edge,adasind_310008.jpg,M6,M_only,SPURIOUS,E4_model_domain,P2,ai_team,R02,model-only detection in mid zone,keep_with_reason,rules_version_1.0,Model false positive candidate; no learner rework from this cell alone.
r3_diag,B4-edge,adasind_310008.jpg,M7,M_only,SPURIOUS,E4_model_domain,P2,ai_team,R02,model-only detection in mid zone,keep_with_reason,rules_version_1.0,Model false positive candidate; no learner rework from this cell alone.
r1_craft,B4-edge,adasind_236370.jpg,L1,LRM,ATTRIBUTE,E5_unresolved,P2,annotator,R03,Self-QC check of rider and Bike geometry; no confirmed defect,keep_with_reason,rules_version_1.0,Reviewed against original fisheye image.
r1_craft,B4-edge,adasind_258420.jpg,L3,LRM,BOX_GEOMETRY,E5_unresolved,P2,annotator,R02,Self-QC check of ThreeWheeler box on original fisheye image; no confirmed defect,keep_with_reason,rules_version_1.0,Reviewed against original fisheye image.
r1_craft,B4-edge,adasind_310008.jpg,L5,LR_noM,ATTRIBUTE,E5_unresolved,P2,annotator,R05,Self-QC check of edge pedestrian attributes; no confirmed defect,keep_with_reason,rules_version_1.0,Reviewed against original fisheye image.
r2_qa,B4-edge,adasind_236370.jpg,L1,L_only,ATTRIBUTE,,P2,qa,R03,QA checked rider and Bike box against original frame,keep_with_reason,rules_version_1.0,No confirmed QA defect.
r2_qa,B4-edge,adasind_258420.jpg,L3,L_only,BOX_GEOMETRY,,P2,qa,R02,QA checked ThreeWheeler box against original frame,keep_with_reason,rules_version_1.0,No confirmed QA defect.
r2_qa,B4-edge,adasind_310008.jpg,L1+L2+L3+L4,L_only,DUPLICATE,,P2,qa,R01,QA checked overlapping pedestrian boxes against original frame,keep_with_reason,rules_version_1.0,Keep only if each box maps to a distinct visible person.
